transid,transsurv,plotsurv,paddock,plot,obs,hbee,nbee,hover,date,sx,fx,sy,fy,loc,pair,inf,rankinf,dupl,temp,windspeed,winddir,cloudc,disttoedgecalc,disttoedgemeasured,w100,w200,w300,w400,w500,w600,w700,w800,w900,w1000,w1500,w2000,c100,c200,c300,c400,c500,c1000,c1500,area,perimeter,gyration,paratio,shape,fractaldimention,circumscircle,contiguity,links100,links200,links300,links400,links500,links1000,links1500,links2000,windspeed2
G1,1,1,1,MC-1,Sonia,12,8,15,1,645509,645479,6182822,6182829,edge,I,15.25,3.260997067,0,NA,1,NA,NA,69.47,69,1636,5093,9453,14006,21385,NA,NA,NA,NA,179189,850904,1666300,28549,90482,183350,303149,404717,811090,811090,85.7949,4706,362.9268,54.8517,1.2698,1.035,0.4081,0.9984,0,1,3,109,406,20513,580394,1482317,0.9
G2,2,2,1,MC-2,Sonia,6,4,5,1,645147,645103,6182882,6182896,edge,O,11.75,3.1691519,0,NA,2,NA,NA,23.92,24,1025,2981,9678,22917,33234,NA,NA,NA,NA,333777,1183548,2042500,14086,43162,93197,159734,238980,690174,811090,85.7949,4706,362.9268,54.8517,1.2698,1.035,0.4081,0.9984,0,4,11,941,1212,203674,996645,1923284,2.5
G3,3,3,1,MC-3,Sonia,0,3,6,1,645234,645243,6183285,6183297,edge,I,8.75,3.320015374,0,NA,3,NA,NA,62.67,60,586,3961,7535,16504,44361,NA,NA,NA,NA,700759,1609355,2349200,26902,85955,165364,268472,376283,744760,811090,85.7949,4706,362.9268,54.8517,1.2698,1.035,0.4081,0.9984,0,0,35,141,9029,570924,1509189,2235153,4.5
G4,4,4,1,MC-4,Sonia,13,0,9,1,645395,645410,6183555,6183548,edge,O,18,3.138504864,0,NA,3,NA,NA,58.82,21,1357,4290,6703,21148,78924,NA,NA,NA,NA,782212,1687560,2402000,19248,61072,122303,203044,298055,760376,811090,85.7949,4706,362.9268,54.8517,1.2698,1.035,0.4081,0.9984,13,50,69,4400,27312,695281,1613436,2297036,4.5
G5,5,5,1,MC-5,Sonia,3,0,7,1,645550,645567,6183413,6183408,200,I,7,2.783809524,0,NA,2,NA,NA,172.99,173,0,0,1650,6703,36420,NA,NA,NA,NA,497892,1401986,2152700,31415,121780,227052,333758,451982,811069,811090,85.7949,4706,362.9268,54.8517,1.2698,1.035,0.4081,0.9984,0,0,27,84,5054,354652,1262817,2020685,2.5
G6,6,6,1,MC-6,Sonia,0,0,8,1,645441,645442,6183314,6183291,200,O,2,2.926666667,0,NA,2,NA,NA,231.49,226,0,0,2208,9819,15787,NA,NA,NA,NA,528461,1438230,2177600,31415,125661,259309,381339,501994,806555,811090,85.7949,4706,362.9268,54.8517,1.2698,1.035,0.4081,0.9984,0,0,16,55,92,369813,1293124,2050540,2.5
G7,7,7,1,MC-7,Sonia,6,3,18,1,645408,645409,6183049,6183018,200,I,13.5,2.727272727,0,NA,2,NA,NA,244.32,244,0,281,4612,11762,15229,NA,NA,NA,NA,336776,1179879,1974700,31415,125661,266660,392086,498469,809834,811090,85.7949,4706,362.9268,54.8517,1.2698,1.035,0.4081,0.9984,0,0,0,1,7,155558,1007351,1857007,2.5
G8,8,8,1,MC-8,Sonia,5,0,13,1,645523,645542,6182991,6182988,200,O,11.75,2.454545455,0,NA,1,NA,NA,237.76,238,13,1618,5459,8457,18965,NA,NA,NA,NA,268898,1015665,1822700,31415,125661,267490,412095,558564,811090,811090,85.7949,4706,362.9268,54.8517,1.2698,1.035,0.4081,0.9984,0,0,1,2,75,70955,814645,1669436,0.9
G9,9,9,1,MC-9,Sonia,7,3,3,2,645710,645712,6183028,6183054,450,O,12.5,4,0,24,4.5,NA,NA,337.7,338,247,628,2241,5574,16117,NA,NA,NA,NA,223157,896558,1727300,31415,113213,262733,453697,633831,811090,811090,85.7949,4706,362.9268,54.8517,1.2698,1.035,0.4081,0.9984,0,0,1,2,329,40071,673151,1539486,8.3
G10,10,10,1,MC-10,Sonia,13,4,4,2,645739,645756,6182874,6182886,200,O,21,3.687356322,0,24,4.5,NA,NA,194.09,194,167,2239,9539,19310,27534,NA,NA,NA,NA,161113,685350,1534200,31415,111483,215076,339879,486171,811090,811090,85.7949,4706,362.9268,54.8517,1.2698,1.035,0.4081,0.9984,0,1,63,629,1005,9797,407439,1296337,8.3
G11,11,11,1,MC-11,Sonia,9,2,8,2,646066,646039,6183162,6183172,200,I,18.75,3.687356322,0,25,4.5,NA,NA,186.25,186,0,0,697,1407,9921,NA,NA,NA,NA,183611,609367,1513100,31415,124376,221500,339966,444745,810993,811090,85.7949,4706,362.9268,54.8517,1.2698,1.035,0.4081,0.9984,0,0,0,0,35,31739,338714,1216654,8.3
G12,12,12,1,MC-12,Sonia,6,3,2,2,645916,645895,6183251,6183248,200,O,10.5,3.782692308,0,26,4,NA,NA,182.19,182,0,0,287,916,5416,NA,NA,NA,NA,204543,845286,1742800,30215,114606,230638,375835,523088,811090,811090,85.7949,4706,362.9268,54.8517,1.2698,1.035,0.4081,0.9984,0,0,0,0,34,40421,618936,1514024,6.9
G13,13,13,1,MC-13,Sonia,25,5,3,2,645820,645839,6183452,6183443,edge,I,23.25,3.782692308,0,27,4,NA,NA,56.56,57,0,214,2957,16690,43189,NA,NA,NA,NA,272894,1090315,1945800,26385,81169,162526,269673,401285,811090,811090,85.7949,4706,362.9268,54.8517,1.2698,1.035,0.4081,0.9984,0,0,26,765,7201,108280,897805,1771533,6.9
G14,14,14,1,MC-14,Sonia,7,0,1,2,646188,646200,6183279,6183273,edge,O,13,3.837465565,0,26,4,NA,NA,26.73,27,0,383,809,1574,9229,NA,NA,NA,NA,170570,530075,1424200,21039,69819,143031,225713,313552,763841,811090,85.7949,4706,362.9268,54.8517,1.2698,1.035,0.4081,0.9984,0,0,0,0,68,30984,246950,1112658,6.9
G15,15,15,1,MC-15,Sonia,9,2,8,2,646353,646327,6182954,6182953,edge,I,13.5,3.40577676,0,27,3.5,NA,NA,72.58,73,260,7081,20410,35040,53646,NA,NA,NA,NA,119289,305848,993100,26564,59670,107848,173644,225784,643214,811090,85.7949,4706,362.9268,54.8517,1.2698,1.035,0.4081,0.9984,0,238,1072,2541,3919,6206,52536,620278,5.7
G16,16,16,1,MC-16,Sonia,23,4,11,2,645836,645819,6182688,6182703,edge,O,16.5,3.136622391,0,28,3.5,NA,NA,40.79,41,1279,7605,22285,34935,50446,NA,NA,NA,NA,122282,434306,1263500,17784,51411,115643,195430,304481,811090,811090,85.7949,4706,362.9268,54.8517,1.2698,1.035,0.4081,0.9984,46,546,986,1396,2985,5853,144134,994408,5.7
MC1G1,17,17,2,MC1-1,Sonia,16,0,4,2,648244,648265,6183892,6183887,edge,O,16.5,4,0,26,3,NA,NA,35.67,36,3416,8705,13467,22076,35892,NA,NA,NA,NA,102877,191949,259600,18629,50970,91239,141072,200631,560091,621877,62.1865,3864,314.3294,62.1357,1.2243,1.0304,0.5385,0.9981,0,5,11,121,436,1480,12769,13807,4.5
MC1G2,18,18,2,MC1-2,Sonia,9,0,12,2,648613,648630,6183996,6184001,edge,I,19.25,4,0,26,3,NA,NA,67.26,67,713,4379,8150,11590,22660,NA,NA,NA,NA,73150,190833,261600,28063,89222,181391,300826,398725,621877,621877,62.1865,3864,314.3294,62.1357,1.2243,1.0304,0.5385,0.9981,0,0,5,11,12,559,11391,13875,4.5
MC1G3,19,19,2,MC1-3,Sonia,11,0,8,2,648977,648996,6184122,6184128,edge,O,21.75,3.669354839,0,26,4,NA,NA,36.88,37,503,1524,4290,8230,11576,NA,NA,NA,NA,66389,142503,274900,22913,72301,141707,232332,343883,621877,621877,62.1865,3864,314.3294,62.1357,1.2243,1.0304,0.5385,0.9981,0,0,0,1,1,1056,2143,14212,6.9
MC1G4,20,20,2,MC1-4,Sonia,11,2,11,2,649101,649108,6184385,6184414,edge,I,17.25,3.278445748,0,26,2.5,NA,NA,44.32,44,413,1526,3259,5191,8896,NA,NA,NA,NA,60069,122075,240600,24274,79971,163848,252760,328066,619189,621877,62.1865,3864,314.3294,62.1357,1.2243,1.0304,0.5385,0.9981,0,0,0,0,0,882,1929,4800,3.5
MC1G5,21,21,2,MC1-5,Sonia,35,5,15,2,649146,649128,6184695,6184702,edge,O,25.75,3.419389012,0,26,3.5,NA,NA,12.55,29,577,1484,2788,4904,7581,NA,NA,NA,NA,40415,106309,209500,17404,47386,90009,144743,211628,559579,621877,62.1865,3864,314.3294,62.1357,1.2243,1.0304,0.5385,0.9981,0,0,0,26,31,35,1500,3842,5.7
MC1G6,22,22,2,MC1-6,Sonia,5,1,8,2,648737,648709,6184641,6184625,edge,I,15,3.810298103,0,27,3,NA,NA,46.35,46,32,32,143,1210,4541,NA,NA,NA,NA,50164,133639,225500,24604,81138,168970,287473,405993,621877,621877,62.1865,3864,314.3294,62.1357,1.2243,1.0304,0.5385,0.9981,0,0,0,0,0,50,2054,7110,4.5
MC1G7,23,23,2,MC1-7,Sonia,11,0,2,2,648458,648437,6184598,6184595,edge,O,22.75,4,0,27,3,NA,NA,30.39,30,9,2081,5174,8781,11471,NA,NA,NA,NA,50246,123160,253800,21683,65609,127717,209004,309583,621877,621877,62.1865,3864,314.3294,62.1357,1.2243,1.0304,0.5385,0.9981,0,0,0,0,3,34,828,14447,4.5
MC1G8,24,24,2,MC1-8,Sonia,8,0,2,2,648347,648342,6184302,6184274,edge,I,19,4,0,27,2.5,NA,NA,56.59,57,1832,5096,6266,9724,20030,NA,NA,NA,NA,71924,158390,259200,26390,85165,175127,288269,394008,621877,621877,62.1865,3864,314.3294,62.1357,1.2243,1.0304,0.5385,0.9981,0,0,1,4,5,574,3728,14401,3.5
MC1G9,25,25,2,MC1-9,Sonia,2,0,11,2,648639,648653,6184292,6184300,400,O,11.25,4,0,23,2,NA,NA,329.92,330,0,112,112,6501,13035,NA,NA,NA,NA,58635,151977,258900,31415,125661,282740,460209,561755,621877,621877,62.1865,3864,314.3294,62.1357,1.2243,1.0304,0.5385,0.9981,0,0,0,0,1,359,2718,14400,2.5
MC2BG1,26,26,3,MC2-B1,Sonia,4,0,0,3,654091,654077,6176780,6176757,edge,I,17.25,4,0,NA,5,NA,NA,40.65,31,0,0,140,477,992,NA,NA,NA,NA,46461,121018,213900,21858,73814,134499,207054,292837,635150,669634,67.0114,4184,321.7719,62.4371,1.2772,1.0365,0.5188,0.9982,0,0,0,0,0,1172,2423,3771,9.6
MC2BG2,27,27,3,MC2-B2,Sonia,18,1,2,3,653938,653897,6176727,6176718,200,O,25,4,0,NA,5,NA,NA,168.99,166,0,84,186,1092,11346,NA,NA,NA,NA,48557,120593,210000,31415,120684,205490,293412,394318,666780,669634,67.0114,4184,321.7719,62.4371,1.2772,1.0365,0.5188,0.9982,0,0,0,0,478,1111,2443,3179,9.6
MC2BG3,28,28,3,MC2-B3,Sonia,10,0,3,3,653867,653852,6176843,6176831,edge,I,27.75,3.904458599,0,NA,5,NA,NA,41.2,38,84,197,531,10397,18647,NA,NA,NA,NA,45991,121634,213400,23297,78316,148854,226818,317675,657460,669634,67.0114,4184,321.7719,62.4371,1.2772,1.0365,0.5188,0.9982,0,0,0,486,1000,1106,2309,3132,9.6
MC2BG4,29,29,3,MC2-B4,Sonia,8,0,2,3,653853,653853,6176515,6176515,400,O,20.25,3.357906875,0,NA,4.5,NA,NA,329.33,319,0,0,70,251,5052,NA,NA,NA,NA,51503,108212,207500,31415,125661,282740,453689,552299,669634,669634,67.0114,4184,321.7719,62.4371,1.2772,1.0365,0.5188,0.9982,0,0,0,0,0,1483,2197,3107,8.3
MC2BG5,30,30,3,MC2-B5,Sonia,6,2,1,3,653561,653553,6176529,6176508,200,I,7.75,3.198185118,0,NA,4.5,NA,NA,204.65,201,0,96,1760,9935,22585,NA,NA,NA,NA,50059,102215,215400,31415,125661,237020,357674,497745,669634,669634,67.0114,4184,321.7719,62.4371,1.2772,1.0365,0.5188,0.9982,0,0,0,45,869,1107,1931,2742,8.3
MC2BG6,31,31,3,MC2-B6,Sonia,16,3,2,3,653490,653470,6176683,6176674,edge,O,21.5,3.598272196,0,NA,4.5,NA,NA,27.12,23,109,3779,15232,22842,25443,NA,NA,NA,NA,45273,110662,216700,20301,68133,137967,229142,340163,669634,669634,67.0114,4184,321.7719,62.4371,1.2772,1.0365,0.5188,0.9982,0,16,632,1065,1067,1106,2250,2741,8.3
MC2BG7,32,32,3,MC2-B7,Sonia,1,0,4,3,653437,653438,6176593,6176574,100,I,6.25,3.180808081,0,NA,4,NA,NA,96.1,86,258,1831,6413,19471,26118,NA,NA,NA,NA,47229,103725,218600,30121,83918,157888,251562,366461,669634,669634,67.0114,4184,321.7719,62.4371,1.2772,1.0365,0.5188,0.9982,0,0,19,696,1067,1104,2161,2740,6.9
MC2BG8,33,33,3,MC2-B8,Sonia,20,6,0,3,653342,653340,6176491,6176486,edge,O,22.75,2.654545455,0,NA,3,NA,NA,20.95,21,898,3299,5619,9087,19493,NA,NA,NA,NA,47189,95258,220900,19555,67827,136954,226938,336270,669634,669634,67.0114,4184,321.7719,62.4371,1.2772,1.0365,0.5188,0.9982,1,2,5,31,429,1103,1539,2745,4.5
MC2BG9,34,34,3,MC2-B9,Sonia,16,4,3,3,653306,653306,6176052,6176040,edge,I,12,3.78974359,0,NA,1,NA,NA,18.03,21,163,1292,3016,4882,7687,NA,NA,NA,NA,51505,98268,203400,18082,64971,118308,178247,248006,629607,669634,67.0114,4184,321.7719,62.4371,1.2772,1.0365,0.5188,0.9982,0,0,1,3,4,1104,1482,2393,0.9
MC2BG10,35,35,3,MC2-B10,Sonia,11,2,2,3,653474,653494,6176146,6176146,200,O,20.75,3.370807624,0,NA,4,NA,NA,212.05,198,309,477,1815,4252,6800,NA,NA,NA,NA,54888,96722,202700,31415,125597,219810,302762,391387,669634,669634,67.0114,4184,321.7719,62.4371,1.2772,1.0365,0.5188,0.9982,0,0,0,3,4,1141,1484,2761,6.9
MC2BG11,36,36,3,MC2-B11,Sonia,9,0,4,3,653547,653564,6175964,6175985,edge,I,20.75,2.939171123,0,NA,3.5,NA,NA,30.24,30,0,460,1087,3764,11599,NA,NA,NA,NA,54737,111649,191600,21956,73558,146549,220300,302096,658407,669634,67.0114,4184,321.7719,62.4371,1.2772,1.0365,0.5188,0.9982,0,0,0,0,34,1048,1632,2387,5.7
MC2BG12,37,37,3,MC2-B12,Sonia,7,0,7,3,653761,653784,6176047,6176059,edge,O,24.5,3.240546218,0,NA,2,NA,NA,8.6,9,120,220,5348,8636,13314,NA,NA,NA,NA,57463,109546,189200,17089,65557,147141,258875,393363,669634,669634,67.0114,4184,321.7719,62.4371,1.2772,1.0365,0.5188,0.9982,0,0,34,34,36,1282,1651,2949,2.5
MC2BG13,38,38,3,MC2-B13,Sonia,5,0,1,3,653702,653723,6176279,6176287,400,I,20.5,3.277310924,0,NA,2,NA,NA,246.25,246,0,0,124,3372,10414,NA,NA,NA,NA,55698,98955,204500,31415,125661,268718,433063,585075,669634,669634,67.0114,4184,321.7719,62.4371,1.2772,1.0365,0.5188,0.9982,0,0,0,0,36,1481,1634,2600,2.5
MC2BG14,39,39,3,MC2-B14,Sonia,7,1,2,3,653990,653995,6176311,6176332,200,O,21,3.159235669,0,NA,3.5,NA,NA,167.86,168,0,230,3956,7584,10564,NA,NA,NA,NA,57985,95493,202600,31415,118803,214807,318149,436356,669634,669634,67.0114,4184,321.7719,62.4371,1.2772,1.0365,0.5188,0.9982,0,0,0,34,36,1481,1634,3143,5.7
MC2BG15,40,40,3,MC2-B15,Sonia,5,1,2,3,654049,654067,6176193,6176201,edge,I,13.5,3.159235669,0,NA,4.5,NA,NA,27.24,26,764,4588,8459,12306,14193,NA,NA,NA,NA,60162,100652,207000,19643,68398,138437,222460,322809,669634,669634,67.0114,4184,321.7719,62.4371,1.2772,1.0365,0.5188,0.9982,0,0,34,37,41,1237,1653,3838,8.3
MC2BG16,41,41,3,MC2-B16,Sonia,11,0,3,3,654136,654144,6176262,6176278,100,O,12.75,3,0,NA,3,NA,NA,60.72,33,42,1500,5397,11029,14013,NA,NA,NA,NA,59250,96423,206100,22052,65877,125982,203453,297270,669634,669634,67.0114,4184,321.7719,62.4371,1.2772,1.0365,0.5188,0.9982,0,0,0,36,40,1263,1645,3833,4.5
MC2BG17,42,42,3,MC2-B17,Sonia,6,1,13,3,654174,654172,6176431,6176460,edge,I,14.25,3,0,NA,3,NA,NA,37.94,27,103,152,266,2396,6913,NA,NA,NA,NA,54719,99810,207900,20946,71128,139502,225088,327037,668080,669634,67.0114,4184,321.7719,62.4371,1.2772,1.0365,0.5188,0.9982,0,0,0,0,34,1479,1634,3698,4.5
MC2BB1,44,26,3,MC2-B1,Andrew,3,0,0,3,654096,654102,6176781,6176761,edge,O,41,4,0,NA,5,NA,NA,25.64,16,0,0,84,470,1048,NA,NA,NA,NA,45936,120743,214200,18941,68178,128218,199812,284525,630939,669634,67.0114,4184,321.7719,62.4371,1.2772,1.0365,0.5188,0.9982,0,0,0,0,0,1110,2423,3769,9.6
MC2BB2,45,27,3,MC2-B2,Andrew,12,0,2,3,653932,653909,6176690,6176706,200,I,41.75,4,0,NA,5,NA,NA,192.98,190,0,84,89,407,9018,NA,NA,NA,NA,48479,120832,210100,31415,124914,218507,309653,413556,668258,669634,67.0114,4184,321.7719,62.4371,1.2772,1.0365,0.5188,0.9982,0,0,0,0,401,1112,2429,3185,9.6
MC2BB3,46,28,3,MC2-B3,Andrew,4,0,0,3,653864,653846,6176853,6176845,edge,O,43.25,3.904458599,0,NA,5,NA,NA,28.21,25,84,197,1245,11548,18796,NA,NA,NA,NA,45984,122466,213800,20842,73189,142326,219231,308997,655456,669634,67.0114,4184,321.7719,62.4371,1.2772,1.0365,0.5188,0.9982,0,0,0,487,1000,1106,2309,3132,9.6
MC2BB4,47,29,3,MC2-B4,Andrew,6,0,6,3,653859,653847,6176496,6176489,400,I,30,3.357906875,0,NA,4.5,NA,NA,335,325,0,0,0,360,5182,NA,NA,NA,NA,51117,105553,207500,31415,125661,282740,460491,559453,669634,669634,67.0114,4184,321.7719,62.4371,1.2772,1.0365,0.5188,0.9982,0,0,0,0,0,1481,1989,3112,8.3
MC2BB5,48,30,3,MC2-B5,Andrew,4,1,0,3,653540,653528,6176544,6176527,200,O,14,3.198185118,0,NA,4.5,NA,NA,179.63,176,0,263,3145,12143,24246,NA,NA,NA,NA,49062,101470,216100,31415,122061,220502,334811,469282,669634,669634,67.0114,4184,321.7719,62.4371,1.2772,1.0365,0.5188,0.9982,0,0,1,271,996,1107,2041,2735,8.3
MC2BB6,49,31,3,MC2-B6,Andrew,11,2,2,3,653496,653477,6176662,6176654,edge,I,37.5,3.598272196,0,NA,4.5,NA,NA,49.13,45,4,2661,12633,22752,25485,NA,NA,NA,NA,45649,109078,216100,24425,76496,149825,244095,358307,669634,669634,67.0114,4184,321.7719,62.4371,1.2772,1.0365,0.5188,0.9982,0,12,397,1065,1067,1105,2244,2738,8.3
MC2BB7,50,32,3,MC2-B7,Andrew,7,1,6,3,653430,653414,6176586,6176572,100,O,7.25,3.180808081,0,NA,4,NA,NA,94,73,300,1921,5917,18864,26126,NA,NA,NA,NA,47203,102455,218600,28522,80102,152030,243894,357019,669634,669634,67.0114,4184,321.7719,62.4371,1.2772,1.0365,0.5188,0.9982,0,0,18,571,1067,1104,2147,2743,6.9
MC2BB8,51,33,3,MC2-B8,Andrew,8,1,2,3,653367,653367,6176486,6176464,edge,I,17,2.654545455,0,NA,3,NA,NA,49.39,28,448,2674,5597,8542,18599,NA,NA,NA,NA,47664,95100,220400,24946,79348,154258,249605,363615,669634,669634,67.0114,4184,321.7719,62.4371,1.2772,1.0365,0.5188,0.9982,0,2,3,20,429,1103,1539,2740,4.5
MC2BB9,52,34,3,MC2-B9,Andrew,7,2,0,3,653299,653299,6176045,6176033,edge,O,23,3.78974359,0,NA,1,NA,NA,8.63,14,160,1264,3008,4876,7713,NA,NA,NA,NA,51002,98562,203300,16435,61564,113598,172589,241275,624814,669634,67.0114,4184,321.7719,62.4371,1.2772,1.0365,0.5188,0.9982,0,0,1,3,4,1104,1481,2235,0.9
MC2BB10,53,35,3,MC2-B10,Andrew,2,0,1,3,653486,653500,6176170,6176164,200,I,20.5,3.370807624,0,NA,4,NA,NA,225.19,205,309,335,1834,4221,6923,NA,NA,NA,NA,54616,96341,202400,31415,125661,230783,318350,408992,669634,669634,67.0114,4184,321.7719,62.4371,1.2772,1.0365,0.5188,0.9982,0,0,0,3,4,1172,1484,2771,6.9
MC2BB11,54,36,3,MC2-B11,Andrew,14,2,0,3,653556,653572,6175954,6175975,edge,O,35,2.939171123,0,NA,3.5,NA,NA,17.46,17,0,465,1229,3483,12119,NA,NA,NA,NA,54178,112110,190900,19476,68591,140993,215273,296845,657268,669634,67.0114,4184,321.7719,62.4371,1.2772,1.0365,0.5188,0.9982,0,0,0,0,34,892,1634,2402,5.7
MC2BB12,55,37,3,MC2-B12,Andrew,6,1,4,3,653760,653773,6176062,6176069,edge,I,30.25,3.240546218,0,NA,2,NA,NA,22.64,23,120,161,4936,8463,12761,NA,NA,NA,NA,57114,108863,189500,19916,71261,155698,270325,405859,669634,669634,67.0114,4184,321.7719,62.4371,1.2772,1.0365,0.5188,0.9982,0,0,34,34,35,1319,1649,2873,2.5
MC2BB13,56,38,3,MC2-B13,Andrew,2,0,0,3,653711,653717,6176258,6176269,400,O,27,3.277310924,0,NA,2,NA,NA,227.54,228,0,0,176,3801,10850,NA,NA,NA,NA,56553,99161,203700,31415,125661,261928,421864,574330,669634,669634,67.0114,4184,321.7719,62.4371,1.2772,1.0365,0.5188,0.9982,0,0,0,0,36,1481,1634,2601,2.5
MC2BB14,57,39,3,MC2-B14,Andrew,5,2,2,3,653974,653982,6176322,6176338,200,I,14.25,3.159235669,0,NA,3.5,NA,NA,181.26,181,0,193,3429,7286,10218,NA,NA,NA,NA,57693,95713,202900,31415,122347,224926,331500,452656,669634,669634,67.0114,4184,321.7719,62.4371,1.2772,1.0365,0.5188,0.9982,0,0,0,34,35,1481,1634,3098,5.7
MC2BB15,58,40,3,MC2-B15,Andrew,1,0,2,3,654056,654074,6176183,6176190,edge,O,11,3.159235669,0,NA,4.5,NA,NA,15.26,13,852,4854,8873,13009,14197,NA,NA,NA,NA,60046,100808,209000,17216,63526,131573,213906,312563,669634,669634,67.0114,4184,321.7719,62.4371,1.2772,1.0365,0.5188,0.9982,0,0,34,38,41,1166,1657,4151,8.3
MC2BB16,59,41,3,MC2-B16,Andrew,13,0,2,3,654118,654126,6176261,6176276,100,I,23.25,3,0,NA,3,NA,NA,67.1,43,26,1550,5626,10733,13899,NA,NA,NA,NA,59706,96722,206300,23960,71485,134272,214258,310287,669634,669634,67.0114,4184,321.7719,62.4371,1.2772,1.0365,0.5188,0.9982,0,0,34,36,40,1273,1647,3723,4.5
MC2BB17,60,42,3,MC2-B17,Andrew,10,2,4,3,654189,654190,6176437,6176450,edge,O,14.5,3,0,NA,3,NA,NA,22.03,11,103,152,254,2242,7012,NA,NA,NA,NA,53510,99730,207900,17815,64416,129700,212597,312023,666912,669634,67.0114,4184,321.7719,62.4371,1.2772,1.0365,0.5188,0.9982,0,0,0,0,34,1479,1634,3700,4.5
H1,62,1,1,MC-1,Steve,9,0,6,1,645501,645466,6182775,6182785,edge,O,20.75,3.260997067,0,NA,1,NA,NA,22.53,23,1967,5620,10413,14441,20513,NA,NA,NA,NA,167129,800050,1628400,20399,72280,155563,269872,362877,811090,811090,85.7949,4706,362.9268,54.8517,1.2698,1.035,0.4081,0.9984,0,2,3,109,463,15907,525591,1432774,0.9
H2,63,2,1,MC-2,Steve,6,9,7,1,645145,645118,6182907,6182913,edge,I,9,3.1691519,0,NA,2,NA,NA,46.05,28,832,2904,9841,21289,32739,NA,NA,NA,NA,342235,1210353,2077300,16857,48848,102243,170430,251347,696585,811090,85.7949,4706,362.9268,54.8517,1.2698,1.035,0.4081,0.9984,0,4,10,691,1195,224720,1046701,1959275,2.5
H3,64,3,1,MC-3,Steve,8,3,4,1,645221,645231,6183297,6183319,edge,O,6.25,3.320015374,0,NA,3,NA,NA,42.84,40,791,3947,8826,18014,51491,NA,NA,NA,NA,731792,1640068,2366400,23445,78369,154118,252940,360566,737688,811090,85.7949,4706,362.9268,54.8517,1.2698,1.035,0.4081,0.9984,0,0,51,195,12245,599279,1535554,2257126,4.5
H4,65,4,1,MC-4,Steve,11,6,3,1,645392,645417,6183540,6183536,edge,I,10.25,3.138504864,0,NA,3,NA,NA,72.32,30,1192,4263,6578,18479,73121,NA,NA,NA,NA,770818,1675382,2384600,21952,66332,129904,212919,309318,764531,811090,85.7949,4706,362.9268,54.8517,1.2698,1.035,0.4081,0.9984,11,45,69,2030,23143,676027,1595631,2275658,4.5
H5,66,5,1,MC-5,Steve,3,0,6,1,645545,645574,6183425,6183415,200,O,10.75,2.783809524,0,NA,2,NA,NA,163.95,164,0,17,1671,7260,39783,NA,NA,NA,NA,503532,1408065,2159600,31415,119802,222034,327144,443926,811020,811090,85.7949,4706,362.9268,54.8517,1.2698,1.035,0.4081,0.9984,0,0,27,95,6646,363783,1272487,2027055,2.5
H6,67,6,1,MC-6,Steve,0,1,4,1,645468,645461,6183310,6183283,200,I,3,2.926666667,0,NA,2,NA,NA,254.35,249,0,0,1596,9047,14553,NA,NA,NA,NA,501240,1406410,2147200,31415,125661,268541,395247,517477,809316,811090,85.7949,4706,362.9268,54.8517,1.2698,1.035,0.4081,0.9984,0,0,9,40,81,326164,1242414,2019973,2.5
H7,68,7,1,MC-7,Steve,5,3,4,1,645395,645395,6183037,6183015,200,O,6,2.727272727,0,NA,2,NA,NA,232.64,233,9,281,5272,11762,15478,NA,NA,NA,NA,335894,1182631,1973500,31415,125661,259976,379252,485499,808426,811090,85.7949,4706,362.9268,54.8517,1.2698,1.035,0.4081,0.9984,0,0,0,1,7,154959,1004282,1855807,2.5
H8,69,8,1,MC-8,Steve,3,1,13,1,645527,645545,6183026,6183024,200,I,21.75,2.454545455,0,NA,1,NA,NA,272.15,272,0,593,4151,7348,16352,NA,NA,NA,NA,287894,1054249,1852500,31415,125661,276865,433015,585884,811090,811090,85.7949,4706,362.9268,54.8517,1.2698,1.035,0.4081,0.9984,0,0,1,2,41,83075,853903,1706098,0.9
H9,70,9,1,MC-9,Steve,11,3,5,2,645725,645729,6183034,6183053,450,I,24.25,4,0,24,4.5,NA,NA,345.16,345,247,359,1971,5648,16020,NA,NA,NA,NA,217014,882173,1711400,31253,111859,261988,456044,631402,811090,811090,85.7949,4706,362.9268,54.8517,1.2698,1.035,0.4081,0.9984,0,0,0,3,383,37283,646693,1515268,8.3
H10,71,10,1,MC-10,Steve,12,8,5,2,645738,645760,6182910,6182907,200,I,16.5,3.687356322,0,24,4.5,NA,NA,222.15,222,0,1903,6700,17592,25446,NA,NA,NA,NA,170489,713893,1556500,31415,111695,229015,361854,514893,811090,811090,85.7949,4706,362.9268,54.8517,1.2698,1.035,0.4081,0.9984,0,1,16,573,938,11775,433936,1322371,8.3
H11,72,11,1,MC-11,Steve,11,3,7,2,646063,646042,6183183,6183189,200,O,21,3.687356322,0,25,4.5,NA,NA,169.49,169,0,0,663,1366,7657,NA,NA,NA,NA,185778,622666,1529200,31415,121430,216796,333213,441822,810851,811090,85.7949,4706,362.9268,54.8517,1.2698,1.035,0.4081,0.9984,0,0,0,0,23,32673,356376,1234073,8.3
H12,73,12,1,MC-12,Steve,11,1,3,2,645932,645909,6183231,6183228,200,I,19.5,3.782692308,0,26,4,NA,NA,192.78,193,0,0,323,1125,4216,NA,NA,NA,NA,200947,811334,1718100,31347,115307,234018,379216,529109,811090,811090,85.7949,4706,362.9268,54.8517,1.2698,1.035,0.4081,0.9984,0,0,0,0,0,38820,587323,1478367,6.9
H13,74,13,1,MC-13,Steve,11,6,4,2,645836,645856,6183475,6183464,edge,O,15.25,3.782692308,0,27,4,NA,NA,29.37,29,0,214,5083,19853,45707,NA,NA,NA,NA,270795,1082209,1948900,21496,70841,147412,249631,377371,811090,811090,85.7949,4706,362.9268,54.8517,1.2698,1.035,0.4081,0.9984,0,0,58,1693,10063,111964,887540,1769179,6.9
H14,75,14,1,MC-14,Steve,3,0,0,2,646174,646194,6183263,6183247,edge,I,13,3.837465565,0,26,4,NA,NA,49.99,50,0,383,818,1815,10366,NA,NA,NA,NA,169927,528942,1423200,25304,78913,156335,236539,325828,771272,811090,85.7949,4706,362.9268,54.8517,1.2698,1.035,0.4081,0.9984,0,0,0,0,109,30674,245922,1112055,6.9
H15,76,15,1,MC-15,Steve,17,1,8,2,646362,646340,6182926,6182919,edge,O,17.75,3.40577676,0,27,3.5,NA,NA,39.77,40,1068,9816,23808,40809,56004,NA,NA,NA,NA,116881,300646,955900,21604,51411,96388,161608,214874,627604,811090,85.7949,4706,362.9268,54.8517,1.2698,1.035,0.4081,0.9984,0,426,1409,3301,3951,5961,50362,578717,5.7
H16,77,16,1,MC-16,Steve,19,3,11,2,645862,645816,6182728,6182741,edge,I,21.25,3.136622391,0,28,3.5,NA,NA,72.75,73,577,6663,19819,32214,48095,NA,NA,NA,NA,123352,454102,1301100,22038,65055,134149,220896,340741,811090,811090,85.7949,4706,362.9268,54.8517,1.2698,1.035,0.4081,0.9984,3,457,867,1266,2745,5799,163313,1034420,5.7
MC1H1,78,17,2,MC1-1,Steve,6,0,2,2,648259,648278,6183901,6183887,edge,I,15.5,4,0,26,3,NA,NA,47.14,47,2978,8787,13814,20920,34682,NA,NA,NA,NA,101732,192922,259900,21537,55119,96500,147448,208121,566039,621877,62.1865,3864,314.3294,62.1357,1.2243,1.0304,0.5385,0.9981,0,5,13,94,426,1464,12882,13806,4.5
MC1H2,79,18,2,MC1-2,Steve,6,0,3,2,648622,648636,6183963,6183980,edge,O,20,4,0,26,3,NA,NA,39.72,40,1696,5060,8555,11671,22698,NA,NA,NA,NA,74016,192941,261200,23438,78615,165134,280985,378718,621877,621877,62.1865,3864,314.3294,62.1357,1.2243,1.0304,0.5385,0.9981,0,0,6,11,12,559,11739,13884,4.5
MC1H3,80,19,2,MC1-3,Steve,8,2,2,2,648970,648994,6184145,6184151,edge,I,18.25,3.669354839,0,26,4,NA,NA,59.96,60,189,1568,4364,8019,11550,NA,NA,NA,NA,66268,141444,272700,26936,80568,153332,247220,361680,621877,621877,62.1865,3864,314.3294,62.1357,1.2243,1.0304,0.5385,0.9981,0,0,0,1,1,1057,2139,14126,6.9
MC1H4,81,20,2,MC1-4,Steve,6,3,3,2,649123,649121,6184381,6184397,edge,O,15,3.278445748,0,26,2.5,NA,NA,25.74,26,561,1739,3342,5465,9299,NA,NA,NA,NA,60912,120890,242500,20799,72725,152460,242111,317760,617726,621877,62.1865,3864,314.3294,62.1357,1.2243,1.0304,0.5385,0.9981,0,0,0,0,0,1348,1939,5226,3.5
MC1H5,82,21,2,MC1-5,Steve,36,2,10,2,649145,649119,6184675,6184677,edge,I,28.5,3.419389012,0,26,3.5,NA,NA,17.29,34,182,1526,2331,5172,7896,NA,NA,NA,NA,40240,106544,212300,20829,53776,98776,155837,225028,567175,621877,62.1865,3864,314.3294,62.1357,1.2243,1.0304,0.5385,0.9981,0,0,0,26,30,35,1501,3799,5.7
MC1H6,83,22,2,MC1-6,Steve,11,0,7,2,648733,648711,6184650,6184639,edge,O,16.75,3.810298103,0,27,3,NA,NA,34.38,34,32,32,143,1278,4559,NA,NA,NA,NA,49711,133344,224600,22413,76446,161849,277997,395870,621877,621877,62.1865,3864,314.3294,62.1357,1.2243,1.0304,0.5385,0.9981,0,0,0,0,0,50,2054,6737,4.5
MC1H7,84,23,2,MC1-7,Steve,6,0,2,2,648468,648442,6184577,6184580,edge,I,11.25,4,0,27,3,NA,NA,49.38,49,0,2004,4998,9048,11571,NA,NA,NA,NA,50624,124976,254300,25159,72948,138106,222366,325889,621877,621877,62.1865,3864,314.3294,62.1357,1.2243,1.0304,0.5385,0.9981,0,0,0,0,3,34,747,14681,4.5
MC1H8,85,24,2,MC1-8,Steve,10,0,6,2,648327,648321,6184312,6184289,edge,O,19.25,4,0,27,2.5,NA,NA,33.63,34,2374,5456,6506,10443,18926,NA,NA,NA,NA,71959,155106,259100,22305,76220,161506,268864,379328,621877,621877,62.1865,3864,314.3294,62.1357,1.2243,1.0304,0.5385,0.9981,0,0,2,4,5,574,3070,14401,3.5
MC1H9,86,25,2,MC1-9,Steve,4,0,4,2,648634,648654,6184301,6184306,400,I,14,4,0,23,2,NA,NA,338.05,338,0,112,121,6408,12850,NA,NA,NA,NA,58594,151383,258900,31415,125661,282740,459567,561533,621877,621877,62.1865,3864,314.3294,62.1357,1.2243,1.0304,0.5385,0.9981,0,0,0,0,1,349,2660,14400,2.5
MC2AH1,87,44,3,MC2-A1,Steve,9,0,1,3,654051,654032,6176932,6176917,edge,I,33,4,0,25,5,NA,NA,36.73,17,0,108,307,879,4847,NA,NA,NA,NA,47276,123382,221400,13810,41569,83212,138774,208262,598119,669634,67.0114,4184,321.7719,62.4371,1.2772,1.0365,0.5188,0.9982,0,0,0,0,33,1104,2309,3647,9.6
MC2AH2,88,45,3,MC2-A2,Steve,9,0,1,3,654015,654026,6176859,6176844,100,O,23,4,0,26,5,NA,NA,80.12,69,0,175,260,754,5602,NA,NA,NA,NA,47379,123197,214800,27619,66454,118038,183374,262573,626695,669634,67.0114,4184,321.7719,62.4371,1.2772,1.0365,0.5188,0.9982,0,0,0,0,138,1107,2309,3573,9.6
MC2AH3,89,46,3,MC2-A3,Steve,3,0,3,3,654100,654104,6176656,6176632,edge,I,26.25,4,0,27,5,NA,NA,55.49,46,0,0,187,236,628,NA,NA,NA,NA,49385,115764,209600,24455,80812,167826,261948,347482,657936,669634,67.0114,4184,321.7719,62.4371,1.2772,1.0365,0.5188,0.9982,0,0,0,0,0,1483,2319,3801,9.6
MC2AH4,90,47,3,MC2-A4,Steve,10,0,2,3,653971,653973,6176569,6176539,200,O,17,3.931677019,0,27,5,NA,NA,204.3,194,0,0,188,246,2970,NA,NA,NA,NA,50715,110535,210800,31415,125254,248970,376722,463019,669634,669634,67.0114,4184,321.7719,62.4371,1.2772,1.0365,0.5188,0.9982,0,0,0,0,0,1484,2224,3347,9.6
MC2AH5,91,48,3,MC2-A5,Steve,15,2,7,3,654212,654220,6176335,6176320,edge,O,28,3.663935083,0,28,4.5,NA,NA,26.82,15,49,496,2119,7275,12906,NA,NA,NA,NA,55940,96340,206800,14661,48963,102082,172624,260701,669342,669634,67.0114,4184,321.7719,62.4371,1.2772,1.0365,0.5188,0.9982,0,0,0,35,40,1272,1640,3849,8.3
MC2AH6,92,49,3,MC2-A6,Steve,4,0,2,3,653955,653936,6176164,6176154,edge,I,10.5,3.482258065,0,29,3.5,NA,NA,37.93,38,1206,4566,8145,10505,13663,NA,NA,NA,NA,60304,103559,199300,23097,77193,158872,262579,380711,669634,669634,67.0114,4184,321.7719,62.4371,1.2772,1.0365,0.5188,0.9982,0,34,34,36,39,1342,1653,3255,5.7
MC2AH7,93,50,3,MC2-A7,Steve,6,0,3,3,653892,653882,6176323,6176311,200,O,12,3.75,0,32,3.5,NA,NA,206.28,206,0,5,2367,6416,9073,NA,NA,NA,NA,57883,97030,199200,31415,125661,252583,384220,521303,669634,669634,67.0114,4184,321.7719,62.4371,1.2772,1.0365,0.5188,0.9982,0,0,0,34,34,1481,1634,2768,5.7
MC2AH8,94,51,3,MC2-A8,Steve,5,0,1,3,653828,653783,6176428,6176374,400,I,13.25,4,0,32,4,NA,NA,316.09,316,0,0,0,2095,6883,NA,NA,NA,NA,54083,100586,201800,31415,125661,282740,471316,600086,669634,669634,67.0114,4184,321.7719,62.4371,1.2772,1.0365,0.5188,0.9982,0,0,0,0,34,1481,1634,2522,6.9
MC2AH9,95,52,3,MC2-A9,Steve,5,0,2,3,653781,653771,6176235,6176229,200,O,18,4,0,31,4,NA,NA,176.15,176,0,0,2276,6403,9181,NA,NA,NA,NA,56446,99838,194100,31415,122241,237655,382351,545887,669634,669634,67.0114,4184,321.7719,62.4371,1.2772,1.0365,0.5188,0.9982,0,0,0,34,34,1481,1634,2534,6.9
MC2AH10,96,53,3,MC2-A10,Steve,14,1,6,3,653613,653588,6175993,6175988,edge,O,20.75,4,0,32,3,NA,NA,18.7,19,4,295,942,4411,11891,NA,NA,NA,NA,56194,111381,192300,19809,71830,153972,237445,324643,664537,669634,67.0114,4184,321.7719,62.4371,1.2772,1.0365,0.5188,0.9982,0,0,0,0,34,1231,1634,2547,4.5
MC2AH11,97,54,3,MC2-A11,Steve,8,2,1,3,653385,653369,6175894,6175919,edge,I,12.25,3.5,0,32,4,NA,NA,42.44,42,336,565,1597,4859,8229,NA,NA,NA,NA,43966,108731,205400,18234,49713,91339,142275,205762,602236,669634,67.0114,4184,321.7719,62.4371,1.2772,1.0365,0.5188,0.9982,0,0,0,0,2,211,1483,2103,6.9
MC2AH12,98,55,3,MC2-A12,Steve,14,2,2,3,653404,653382,6176024,6176034,100,O,21,3.260135135,0,31,4,NA,NA,84.06,84,218,814,1604,4287,8056,NA,NA,NA,NA,54441,100647,197700,30794,89015,141675,205252,279663,647281,669634,67.0114,4184,321.7719,62.4371,1.2772,1.0365,0.5188,0.9982,0,0,0,2,4,1037,1482,2348,6.9
MC2AH13,99,56,3,MC2-A13,Steve,9,3,0,3,653323,653324,6176321,6176342,edge,O,24.5,3.760135135,0,30,4,NA,NA,42.93,22,414,3125,4865,6552,8481,NA,NA,NA,NA,50421,93786,208200,20235,71400,152177,254527,358892,669634,669634,67.0114,4184,321.7719,62.4371,1.2772,1.0365,0.5188,0.9982,0,3,4,4,14,1103,1497,2753,6.9
MC2AH14,100,57,3,MC2-A14,Steve,5,3,3,3,653526,653526,6176352,6176371,200,I,21.25,3.887596899,0,30,4,NA,NA,242.19,225,0,0,2266,5404,8443,NA,NA,NA,NA,51784,96573,210800,31415,125661,259253,399337,506171,669634,669634,67.0114,4184,321.7719,62.4371,1.2772,1.0365,0.5188,0.9982,0,0,1,3,17,1109,1484,2767,6.9
MC2AH15,101,58,3,MC2-A15,Steve,5,2,0,3,653403,653416,6176596,6176615,edge,I,6.5,3.819800289,0,29,3.5,NA,NA,64.46,53,641,2122,8092,21526,26106,NA,NA,NA,NA,46437,105283,219500,23714,69727,137108,224426,332993,669634,669634,67.0114,4184,321.7719,62.4371,1.2772,1.0365,0.5188,0.9982,0,5,158,868,1068,1105,2174,2747,5.7
MC2AH16,102,59,3,MC2-A16,Steve,6,0,2,3,653662,653673,6176773,6176784,edge,O,17.5,3.93220339,0,29,4,NA,NA,14.22,11,4,3504,14882,19452,22781,NA,NA,NA,NA,45528,115159,212000,17935,67293,148066,257280,369102,669634,669634,67.0114,4184,321.7719,62.4371,1.2772,1.0365,0.5188,0.9982,0,33,741,1064,1065,1106,2309,2654,6.9
MC2AH17,103,60,3,MC2-A17,Steve,7,3,6,3,653752,653733,6176613,6176604,200,I,14.75,3.656950673,0,31,4,NA,NA,200.02,197,0,0,199,8055,18035,NA,NA,NA,NA,50194,111536,207300,31415,125520,250392,401388,527680,669634,669634,67.0114,4184,321.7719,62.4371,1.2772,1.0365,0.5188,0.9982,0,0,0,83,858,1111,2210,2658,6.9
MC2AH18,104,61,3,MC2-A18,Steve,1,0,0,3,653766,653748,6176390,6176379,400,I,12.5,3.313901345,0,31,4,NA,NA,322.58,323,0,0,0,1644,7179,NA,NA,NA,NA,53720,99197,203500,31415,125661,282740,475408,610859,669634,669634,67.0114,4184,321.7719,62.4371,1.2772,1.0365,0.5188,0.9982,0,0,0,0,35,1481,1633,2574,6.9
MC2AS1,105,44,3,MC2-A1,Barbara,6,0,1,3,654044,654025,6176947,6176937,edge,O,32.5,4,0,25,5,NA,NA,18.36,16,0,108,387,879,5375,NA,NA,NA,NA,47442,123518,223400,11637,37782,77829,131799,199697,593715,669634,67.0114,4184,321.7719,62.4371,1.2772,1.0365,0.5188,0.9982,0,0,0,0,33,1104,2309,3647,9.6
MC2AS2,106,45,3,MC2-A2,Barbara,10,0,2,3,653996,654009,6176847,6176836,100,I,27,4,0,26,5,NA,NA,96.04,90,0,175,242,685,6904,NA,NA,NA,NA,47034,122723,214600,30429,72706,126572,194120,275504,633349,669634,67.0114,4184,321.7719,62.4371,1.2772,1.0365,0.5188,0.9982,0,0,0,0,163,1107,2309,3536,9.6
MC2AS3,107,46,3,MC2-A3,Barbara,7,1,1,3,654122,654122,6176652,6176634,edge,O,18.5,4,0,27,5,NA,NA,36.42,27,0,81,103,236,612,NA,NA,NA,NA,49509,115326,209000,20895,73297,156514,250609,335444,654222,669634,67.0114,4184,321.7719,62.4371,1.2772,1.0365,0.5188,0.9982,0,0,0,0,0,1483,2307,3803,9.6
MC2AS4,108,47,3,MC2-A4,Barbara,12,0,5,3,653947,653949,6176562,6176532,200,I,19.75,3.931677019,0,27,5,NA,NA,229.29,219,0,0,188,234,3077,NA,NA,NA,NA,51112,110442,210900,31415,125661,259843,393768,480864,669634,669634,67.0114,4184,321.7719,62.4371,1.2772,1.0365,0.5188,0.9982,0,0,0,0,0,1484,2212,3268,9.6
MC2AS5,109,48,3,MC2-A5,Barbara,17,0,4,3,654180,654189,6176313,6176294,edge,I,26,3.663935083,0,28,4.5,NA,NA,62.96,32,91,814,2940,9158,13497,NA,NA,NA,NA,57358,95791,205700,18785,56732,112574,185865,276459,669634,669634,67.0114,4184,321.7719,62.4371,1.2772,1.0365,0.5188,0.9982,0,0,0,36,40,1181,1642,3869,8.3
MC2AS6,110,49,3,MC2-A6,Barbara,7,0,3,3,653970,653948,6176146,6176133,edge,O,12,3.482258065,0,29,3.5,NA,NA,15.29,15,1860,5417,8208,11249,14047,NA,NA,NA,NA,60434,104578,200700,18733,68093,145180,244704,359410,669634,669634,67.0114,4184,321.7719,62.4371,1.2772,1.0365,0.5188,0.9982,0,34,34,36,40,1305,1655,3381,5.7
MC2AS7,111,50,3,MC2-A7,Barbara,8,4,7,3,653884,653867,6176344,6176338,200,I,15.75,3.75,0,32,3.5,NA,NA,232.68,233,0,0,1563,5529,8955,NA,NA,NA,NA,56404,97156,202300,31415,125661,264216,403091,543308,669634,669634,67.0114,4184,321.7719,62.4371,1.2772,1.0365,0.5188,0.9982,0,0,0,34,34,1481,1634,2761,5.7
MC2AS8,112,51,3,MC2-A8,Barbara,5,1,0,3,653841,653828,6176409,6176398,400,O,21.5,4,0,32,4,NA,NA,306.89,307,0,0,1,2640,6875,NA,NA,NA,NA,54368,101465,202000,31415,125661,282740,458209,583068,669634,669634,67.0114,4184,321.7719,62.4371,1.2772,1.0365,0.5188,0.9982,0,0,0,0,34,1481,1634,2522,6.9
MC2AS9,113,52,3,MC2-A9,Barbara,7,1,0,3,653769,653750,6176253,6176241,200,I,36,4,0,31,4,NA,NA,196.55,197,0,0,1617,5485,9311,NA,NA,NA,NA,56421,99239,197200,31415,125491,247316,397232,562058,669634,669634,67.0114,4184,321.7719,62.4371,1.2772,1.0365,0.5188,0.9982,0,0,0,34,34,1481,1634,2583,6.9
MC2AS10,114,53,3,MC2-A10,Barbara,9,1,3,3,653602,653585,6176011,6176009,edge,I,27.5,4,0,32,3,NA,NA,38.55,39,4,252,942,4012,11996,NA,NA,NA,NA,56800,110171,193800,23492,79789,165560,249321,337493,666422,669634,67.0114,4184,321.7719,62.4371,1.2772,1.0365,0.5188,0.9982,0,0,0,0,34,1305,1633,2693,4.5
MC2AS11,115,54,3,MC2-A11,Barbara,25,4,3,3,653338,653331,6175862,6175873,edge,O,42.25,3.5,0,32,4,NA,NA,0.82,14,336,791,2204,5424,8549,NA,NA,NA,NA,39631,107994,205800,9559,33209,69832,115125,171717,565798,669634,67.0114,4184,321.7719,62.4371,1.2772,1.0365,0.5188,0.9982,0,0,0,0,2,58,1483,2099,6.9
MC2AS12,116,55,3,MC2-A12,Barbara,10,0,5,3,653413,653399,6176046,6176058,100,I,27,3.260135135,0,31,4,NA,NA,107.22,107,469,810,1778,4133,7896,NA,NA,NA,NA,55233,99323,200500,31415,98468,154715,221464,298442,654628,669634,67.0114,4184,321.7719,62.4371,1.2772,1.0365,0.5188,0.9982,0,0,0,3,4,1108,1483,2601,6.9
MC2AS13,117,56,3,MC2-A13,Barbara,11,0,2,3,653350,653354,6176325,6176340,edge,I,24,3.760135135,0,30,4,NA,NA,70.93,51,157,3183,4895,6449,8758,NA,NA,NA,NA,50445,93781,207900,25427,82326,168724,276003,379272,669634,669634,67.0114,4184,321.7719,62.4371,1.2772,1.0365,0.5188,0.9982,0,3,4,4,14,1104,1496,2752,6.9
MC2AS14,118,57,3,MC2-A14,Barbara,6,4,2,3,653500,653500,6176354,6176377,200,O,19.5,3.887596899,0,30,4,NA,NA,218.17,200,0,49,2844,5988,8608,NA,NA,NA,NA,51601,96263,210500,31415,125645,247160,381452,489253,669634,669634,67.0114,4184,321.7719,62.4371,1.2772,1.0365,0.5188,0.9982,0,0,2,3,18,1108,1484,2765,6.9
MC2AS15,119,58,3,MC2-A15,Barbara,6,0,4,3,653377,653388,6176620,6176636,edge,O,21,3.819800289,0,29,3.5,NA,NA,33.23,19,1057,3208,10229,22613,26025,NA,NA,NA,NA,45363,108610,220600,16786,56189,117358,198636,301075,669634,669634,67.0114,4184,321.7719,62.4371,1.2772,1.0365,0.5188,0.9982,0,8,239,996,1068,1105,2199,2762,5.7
MC2AS16,120,59,3,MC2-A16,Barbara,11,0,1,3,653695,653704,6176748,6176763,edge,I,18.5,3.93220339,0,29,4,NA,NA,48.44,45,4,969,11147,18372,21997,NA,NA,NA,NA,45707,115034,210200,24475,80855,168538,285914,394143,669634,669634,67.0114,4184,321.7719,62.4371,1.2772,1.0365,0.5188,0.9982,0,0,532,1043,1065,1106,2309,2641,6.9
MC2AS17,121,60,3,MC2-A17,Barbara,3,0,0,3,653742,653728,6176638,6176629,200,O,26,3.656950673,0,31,4,NA,NA,173.95,171,0,4,235,10501,18912,NA,NA,NA,NA,49079,112448,207700,31415,121567,238053,382417,504679,669634,669634,67.0114,4184,321.7719,62.4371,1.2772,1.0365,0.5188,0.9982,0,0,0,257,976,1111,2249,2654,6.9
MC2AS18,122,61,3,MC2-A18,Barbara,3,1,5,3,653774,653762,6176362,6176349,400,O,15,3.313901345,0,31,4,NA,NA,291.66,292,0,0,0,2542,7558,NA,NA,NA,NA,54372,98309,202400,31415,125661,281959,458393,607976,669634,669634,67.0114,4184,321.7719,62.4371,1.2772,1.0365,0.5188,0.9982,0,0,0,0,34,1481,1634,2571,6.9
G1G1,123,62,5,G1-1,Sonia,15,40,6,5,655456,655449,6193520,6193513,edge,O,11.5,3,0,NA,1,N,100,20.81,21,775,3670,8430,12814,26843,NA,NA,NA,NA,88785,284500,402600,15127,44503,86450,129745,170423,197019,197019,19.7305,2194,174.5011,111.1984,1.234,1.0346,0.3566,0.9966,0,0,20,49,99,995,11084,14794,0.9
G1G2,124,63,5,G1-2,Sonia,12,25,23,5,655383,655379,6193572,6193541,edge,O,10.25,3,0,NA,1,N,100,41.29,41,275,3233,6194,11230,18587,NA,NA,NA,NA,82700,283680,429000,28253,71854,120118,161796,196943,197019,197019,19.7305,2194,174.5011,111.1984,1.234,1.0346,0.3566,0.9966,0,0,1,35,75,821,10963,15613,0.9
G1G3,125,64,5,G1-3,Sonia,15,27,9,5,655388,655390,6193694,6193710,edge,I,13,2.943965517,0,NA,2,N,100,46.05,37,512,2457,8055,10995,22864,NA,NA,NA,NA,85434,294350,431500,22760,70422,124759,166365,195126,197019,197019,19.7305,2194,174.5011,111.1984,1.234,1.0346,0.3566,0.9966,0,0,2,11,49,961,11375,15210,2.5
G1G4,126,65,5,G1-4,Sonia,14,21,27,5,655265,655244,6193726,6193729,150,O,11.25,3.153546356,0,NA,1,N,100,123.71,108,0,100,2528,8342,11791,NA,NA,NA,NA,97160,283206,450200,31415,99970,172054,196246,197019,197019,197019,19.7305,2194,174.5011,111.1984,1.234,1.0346,0.3566,0.9966,0,0,0,0,9,820,8439,16778,0.9
G1G5,127,66,5,G1-5,Sonia,22,14,15,5,655419,655392,6193771,6193780,edge,I,5.5,3.209580838,0,NA,3,N,90,41.03,25,162,2499,7968,14590,22674,NA,NA,NA,NA,88366,298908,433200,15258,46304,100888,154192,188752,197019,197019,19.7305,2194,174.5011,111.1984,1.234,1.0346,0.3566,0.9966,0,0,3,19,39,974,11042,15195,4.5
G1G6,128,67,5,G1-6,Sonia,10,4,8,5,655291,655269,6193821,6193829,edge,O,6.25,3,0,NA,3,N,95,23.82,8,0,100,2547,8885,14448,NA,NA,NA,NA,103907,288043,454600,17416,62456,121339,184325,197019,197019,197019,19.7305,2194,174.5011,111.1984,1.234,1.0346,0.3566,0.9966,0,0,0,0,15,954,9165,16320,4.5
G1G7,129,68,5,G1-7,Sonia,8,10,11,5,655168,655145,6193819,6193828,edge,I,5.75,3,0,NA,3.5,N,95,46.54,28,0,556,626,2668,10270,NA,NA,NA,NA,104043,268268,467000,21223,73044,138338,185978,197019,197019,197019,19.7305,2194,174.5011,111.1984,1.234,1.0346,0.3566,0.9966,0,0,0,0,0,1042,7311,17676,5.7
G1G8,130,69,5,G1-8,Sonia,14,12,16,5,655145,655127,6193726,6193732,150,O,7.75,2.5,0,NA,3,N,100,143.76,125,0,201,748,3564,9737,NA,NA,NA,NA,98457,263859,466700,31415,109261,176171,196171,197019,197019,197019,19.7305,2194,174.5011,111.1984,1.234,1.0346,0.3566,0.9966,0,0,0,0,0,823,6974,18833,4.5
G1G9,131,70,5,G1-9,Sonia,12,5,15,5,655021,654998,6193847,6193850,edge,I,2.75,2,0,NA,3,N,100,47.92,24,556,556,879,1963,4860,NA,NA,NA,NA,92087,245268,471500,15584,47849,96748,152735,183424,197019,197019,19.7305,2194,174.5011,111.1984,1.234,1.0346,0.3566,0.9966,0,0,0,0,1,384,5687,19002,4.5
G1G10,132,71,5,G1-10,Sonia,4,1,5,5,654939,654939,6193729,6193707,edge,O,1.25,3,0,NA,4,N,100,19.16,9,0,373,2287,4066,7672,NA,NA,NA,NA,85780,216700,468700,17598,63251,108815,148464,186294,197019,197019,19.7305,2194,174.5011,111.1984,1.234,1.0346,0.3566,0.9966,0,0,0,1,4,511,4147,19549,6.9
G1G11,133,72,5,G1-11,Sonia,1,6,23,5,654952,654947,6193617,6193599,edge,I,8.25,3,0,NA,4,N,100,52.23,46,0,669,2245,4290,6251,NA,NA,NA,NA,84805,211193,457900,24561,64684,113390,155809,192103,197019,197019,19.7305,2194,174.5011,111.1984,1.234,1.0346,0.3566,0.9966,0,0,0,0,3,944,3873,19247,6.9
G1G12,134,73,5,G1-12,Sonia,3,15,25,5,655073,655092,6193575,6193568,150,O,4.5,3,0,NA,4,N,100,90.37,90,0,150,1334,3940,8407,NA,NA,NA,NA,90941,243465,454000,30904,95822,162409,195216,197019,197019,197019,19.7305,2194,174.5011,111.1984,1.234,1.0346,0.3566,0.9966,0,0,0,0,1,828,6111,17946,6.9
G1G13,135,74,5,G1-13,Sonia,6,11,15,5,654905,654926,6193533,6193529,edge,I,10.75,3.5,0,NA,3,N,100,29.43,20,211,1332,2490,4192,5852,NA,NA,NA,NA,85466,204454,457300,13909,41942,84330,135354,179330,197019,197019,19.7305,2194,174.5011,111.1984,1.234,1.0346,0.3566,0.9966,0,0,0,1,3,1308,3842,19810,4.5
G1G14,136,75,5,G1-14,Sonia,23,13,15,5,655073,655090,6193489,6193483,edge,O,17.75,3.420289855,0,NA,3,N,100,4.88,5,0,588,1422,3000,9158,NA,NA,NA,NA,92151,234298,447800,16782,64686,127800,188246,197019,197019,197019,19.7305,2194,174.5011,111.1984,1.234,1.0346,0.3566,0.9966,0,0,0,0,13,1199,6114,17105,4.5
G1G15,137,76,5,G1-15,Sonia,9,12,41,5,655230,655258,6193498,6193504,edge,I,18.5,2.893262828,0,NA,3,N,100,27.41,27,368,710,2410,7376,13734,NA,NA,NA,NA,82737,262794,446500,24310,79697,144391,192217,197019,197019,197019,19.7305,2194,174.5011,111.1984,1.234,1.0346,0.3566,0.9966,0,0,0,23,69,1533,7986,17470,4.5
G1G16,138,77,5,G1-16,Sonia,13,4,30,5,655256,655273,6193613,6193603,150,O,15.75,2.915830116,0,NA,2,N,100,136.44,136,0,905,3386,7352,13525,NA,NA,NA,NA,87857,273435,448900,31415,112713,169567,197019,197019,197019,197019,19.7305,2194,174.5011,111.1984,1.234,1.0346,0.3566,0.9966,0,0,0,1,36,859,8737,17388,2.5
G1G17,139,78,5,G1-17,Sonia,15,8,30,5,655355,655375,6193489,6193481,edge,I,13.5,2.885714286,0,NA,2.5,N,100,55.1,55,135,2439,7009,10352,18889,NA,NA,NA,NA,82897,277167,428500,23317,58151,104530,154762,193123,197019,197019,19.7305,2194,174.5011,111.1984,1.234,1.0346,0.3566,0.9966,0,0,19,46,77,1088,10660,16535,3.5
G1D1,141,62,5,G1-1,Micah,20,30,7,5,655450,655432,6193546,6193535,edge,I,14,3,0,NA,1,N,100,34,34,1144,3839,8522,12458,25811,NA,NA,NA,NA,87476,285594,409200,17810,51776,95928,137746,177916,197019,197019,19.7305,2194,174.5011,111.1984,1.234,1.0346,0.3566,0.9966,0,0,10,42,97,961,11116,14865,0.9
G1D2,142,63,5,G1-2,Micah,8,19,6,5,655367,655365,6193578,6193550,edge,I,14.25,3,0,NA,1,N,100,52.1,52,265,2868,5789,11062,16985,NA,NA,NA,NA,82218,283484,430800,29088,77764,126680,168201,197019,197019,197019,19.7305,2194,174.5011,111.1984,1.234,1.0346,0.3566,0.9966,0,0,1,30,73,807,10932,15729,0.9
G1D3,143,64,5,G1-3,Micah,16,25,7,5,655406,655414,6193686,6193703,edge,O,13.5,2.943965517,0,NA,2,N,100,24.21,15,695,3624,8058,12394,24055,NA,NA,NA,NA,84750,294534,427400,18615,65397,117063,158402,192714,197019,197019,19.7305,2194,174.5011,111.1984,1.234,1.0346,0.3566,0.9966,0,0,5,14,59,965,11354,14949,2.5
G1D4,144,65,5,G1-4,Micah,7,25,4,5,655258,655241,6193702,6193710,150,I,13.5,3.153546356,0,NA,1,N,100,146.25,130,0,107,2313,7595,12066,NA,NA,NA,NA,95952,281047,451600,31415,107828,178339,196962,197019,197019,197019,19.7305,2194,174.5011,111.1984,1.234,1.0346,0.3566,0.9966,0,0,0,0,9,816,8190,16993,0.9
G1D5,145,66,5,G1-5,Micah,22,8,5,5,655419,655411,6193788,6193790,edge,O,6.5,3.209580838,0,NA,3,N,90,34.21,17,185,2606,7919,14904,22967,NA,NA,NA,NA,89675,298724,433900,12630,41392,93266,148781,185905,197019,197019,19.7305,2194,174.5011,111.1984,1.234,1.0346,0.3566,0.9966,0,0,4,22,39,977,11082,15173,4.5
G1D6,146,67,5,G1-6,Micah,12,4,4,5,655285,655269,6193793,6193803,edge,I,7,3,0,NA,3,N,95,50.92,35,0,100,2763,9262,14121,NA,NA,NA,NA,102202,287801,453500,22692,72139,135084,188794,197019,197019,197019,19.7305,2194,174.5011,111.1984,1.234,1.0346,0.3566,0.9966,0,0,0,1,15,917,9096,16396,4.5
G1D7,147,68,5,G1-7,Micah,7,1,3,5,655173,655155,6193844,6193845,edge,O,5.25,3,0,NA,3.5,N,95,24.64,6,0,556,651,2568,10010,NA,NA,NA,NA,105447,268770,465900,16933,64575,127849,181231,197019,197019,197019,19.7305,2194,174.5011,111.1984,1.234,1.0346,0.3566,0.9966,0,0,0,0,0,1043,7398,17577,5.7
G1D8,148,69,5,G1-8,Micah,6,5,19,5,655141,655120,6193713,6193715,150,I,5.25,2.5,0,NA,3,N,100,159.41,141,0,193,912,3700,9371,NA,NA,NA,NA,97470,262749,466000,31415,113839,178092,196361,197019,197019,197019,19.7305,2194,174.5011,111.1984,1.234,1.0346,0.3566,0.9966,0,0,0,0,0,817,6862,18832,4.5
G1D9,149,70,5,G1-9,Micah,20,17,10,5,655030,655008,6193863,6193862,edge,O,8.25,2,0,NA,3,N,100,32.55,10,556,556,678,1919,4660,NA,NA,NA,NA,92813,248201,473000,13904,45198,93112,151893,182710,197019,197019,19.7305,2194,174.5011,111.1984,1.234,1.0346,0.3566,0.9966,0,0,0,0,1,384,5878,19030,4.5
G1D10,150,71,5,G1-10,Micah,5,0,3,5,654962,654968,6193725,6193749,edge,I,1.5,3,0,NA,4,N,100,40.76,29,0,528,1685,3415,6813,NA,NA,NA,NA,87932,226688,463900,21596,67757,116144,156173,188705,197019,197019,19.7305,2194,174.5011,111.1984,1.234,1.0346,0.3566,0.9966,0,0,0,0,3,401,5257,19080,6.9
G1D11,151,72,5,G1-11,Micah,0,17,10,5,654929,654927,6193622,6193604,edge,O,9.25,3,0,NA,4,N,100,29.68,24,0,1011,2612,4608,6586,NA,NA,NA,NA,83305,208866,461800,20245,58105,105211,147201,187339,197019,197019,19.7305,2194,174.5011,111.1984,1.234,1.0346,0.3566,0.9966,0,0,0,1,3,839,3863,19676,6.9
G1D12,152,73,5,G1-12,Micah,4,16,25,5,655083,655097,6193592,6193587,150,I,9,3,0,NA,4,N,100,109.08,109,0,58,1090,3932,8521,NA,NA,NA,NA,91862,245754,455500,31415,103017,167764,196064,197019,197019,197019,19.7305,2194,174.5011,111.1984,1.234,1.0346,0.3566,0.9966,0,0,0,0,1,507,6070,18081,6.9
G1D13,153,74,5,G1-13,Micah,24,23,11,5,654903,654925,6193519,6193512,edge,O,22.25,3.5,0,NA,3,N,100,14.3,15,226,1468,2348,3770,5625,NA,NA,NA,NA,85621,204499,454800,12084,38765,79812,132014,177090,197019,197019,19.7305,2194,174.5011,111.1984,1.234,1.0346,0.3566,0.9966,0,0,0,0,3,1419,3880,19959,4.5
G1D14,154,75,5,G1-14,Micah,10,8,9,5,655071,655093,6193508,6193500,edge,I,13.25,3.420289855,0,NA,3,N,100,22.75,23,0,588,1441,3320,9064,NA,NA,NA,NA,93599,237449,449400,20315,71581,135626,190635,197019,197019,197019,19.7305,2194,174.5011,111.1984,1.234,1.0346,0.3566,0.9966,0,0,0,0,2,1094,6216,17212,4.5
G1D15,155,76,5,G1-15,Micah,6,16,21,5,655225,655251,6193486,6193480,edge,O,6.25,2.893262828,0,NA,3,N,100,9.27,9,494,710,2118,7297,14124,NA,NA,NA,NA,84089,260729,446300,20843,72614,137023,190135,197019,197019,197019,19.7305,2194,174.5011,111.1984,1.234,1.0346,0.3566,0.9966,0,0,0,25,67,1643,7851,17283,4.5
G1D16,156,77,5,G1-16,Micah,13,2,28,5,655262,655274,6193626,6193614,150,I,12.5,2.915830116,0,NA,2,N,100,148.78,149,0,932,3574,7476,13317,NA,NA,NA,NA,88278,275454,449800,31415,114662,169704,197019,197019,197019,197019,19.7305,2194,174.5011,111.1984,1.234,1.0346,0.3566,0.9966,0,0,0,1,34,813,8824,17392,2.5
G1D17,157,78,5,G1-17,Micah,16,4,24,5,655351,655375,6193470,6193460,edge,O,11.25,2.885714286,0,NA,2.5,N,100,35,35,136,2237,6918,10343,19243,NA,NA,NA,NA,83302,275438,427200,19606,53376,97780,150543,190936,197019,197019,19.7305,2194,174.5011,111.1984,1.234,1.0346,0.3566,0.9966,0,1,23,62,76,1135,10575,16525,3.5
GCH1,159,80,7,GC1,Steve,22,17,35,4,660517,660523,6202530,6202505,edge,I,13.75,3,0,19,6,NE,NA,41.97,36,3050,9579,20112,35937,57704,86306,117740,159683,208318,239422,456314,1062800,19294,42108,70050,112881,167373,184550,184550,20.9034,2230,178.2888,106.6812,1.2186,1.0324,0.348,0.9968,315,406,560,829,1784,16085,28080,121050,12.5
GCS1,160,80,7,GC1,Barbara,41,17,37,4,660520,660508,6202549,6202493,edge,O,22.25,3,0,19,6,NE,NA,35.6,30,3268,9879,20526,36152,57784,85892,118704,159811,208548,240221,455899,1067200,17984,41381,67959,109748,164260,184550,184550,20.9034,2230,178.2888,106.6812,1.2186,1.0324,0.348,0.9968,315,406,591,926,1804,16699,28262,122170,12.5
GCH2,161,81,7,GC2,Steve,37,37,44,4,660649,660662,6202513,6202531,100,I,17.75,3.5,0,19,6,NE,NA,102.85,103,1380,4214,12873,31397,60412,84583,114250,154230,190514,234895,472221,1086300,24085,73189,119412,174925,184550,184550,184550,20.9034,2230,178.2888,106.6812,1.2186,1.0324,0.348,0.9968,0,168,394,1358,2936,15908,31589,130385,12.5
GCS2,162,81,7,GC2,Barbara,40,19,25,4,660634,660650,6202514,6202531,100,O,25.5,3.5,0,19,6,NE,NA,97.02,97,1394,5170,13431,31192,60294,84974,114263,155184,192486,235327,469425,1081600,24687,69633,112947,170974,184550,184550,184550,20.9034,2230,178.2888,106.6812,1.2186,1.0324,0.348,0.9968,0,315,408,805,2960,16028,30226,129201,12.5
GCH3,163,82,7,GC3,Steve,30,10,19,4,660661,660687,6202611,6202623,edge,O,9.25,3.5,0,20,5,NE,NA,20.16,20,1388,3851,14892,34766,61281,82986,127540,164550,204405,240301,507396,1115400,18365,49128,103250,153861,182836,184550,184550,20.9034,2230,178.2888,106.6812,1.2186,1.0324,0.348,0.9968,0,0,327,1176,3286,17651,39843,136078,9.6
GCS3,164,82,7,GC3,Barbara,38,13,35,4,660665,660688,6202589,6202593,edge,I,21.75,3.5,0,20,5,NE,NA,45.56,46,1932,3770,13972,34423,61215,82178,124713,161344,200025,238601,501116,1110900,22487,57010,111558,162610,184280,184550,184550,20.9034,2230,178.2888,106.6812,1.2186,1.0324,0.348,0.9968,0,0,365,1470,3162,17292,38358,135532,9.6
GCH4,165,83,7,GC4,Steve,29,11,12,4,660815,660833,6202609,6202613,edge,I,6.25,3,0,20,4.5,NE,NA,52.93,53,880,4564,14295,29167,52500,82620,105347,136921,185675,232327,569756,1126300,17945,65208,121847,173155,184550,184550,184550,20.9034,2230,178.2888,106.6812,1.2186,1.0324,0.348,0.9968,0,8,933,1866,2650,16227,57339,139628,8.3
GCS4,166,83,7,GC4,Barbara,38,4,12,4,660816,660832,6202640,6202644,edge,O,16.5,3,0,20,4.5,NE,NA,22.22,22,981,4126,14236,28763,53931,83887,105676,142094,190045,237079,583246,1136300,15135,54573,108209,162556,184550,184550,184550,20.9034,2230,178.2888,106.6812,1.2186,1.0324,0.348,0.9968,0,7,677,1863,2861,16635,62036,140043,8.3
GCH5,167,84,7,GC5,Steve,61,21,30,4,660994,661003,6202638,6202623,edge,O,5.5,2.533742331,0,21,4.5,NE,NA,25.39,25,2407,10479,17196,32235,41359,61180,91494,116556,154536,209037,657407,1152100,16660,40527,78829,129282,174569,184550,184550,20.9034,2230,178.2888,106.6812,1.2186,1.0324,0.348,0.9968,7,641,1630,2564,3038,11886,86663,141173,8.3
GCS5,168,84,7,GC5,Barbara,41,16,27,4,660983,660988,6202624,6202604,edge,I,12.25,2.533742331,0,21,4.5,NE,NA,45.4,45,2261,10717,17137,32757,41495,61671,91057,117956,155131,207922,648189,1147500,19608,46320,87539,139817,179652,184550,184550,20.9034,2230,178.2888,106.6812,1.2186,1.0324,0.348,0.9968,8,815,1599,2616,2998,11546,83587,140844,8.3
GCH6,169,85,7,GC6,Steve,25,8,26,4,660999,660993,6202542,6202522,edge,I,6.25,3,0,25,4,NE,NA,36.91,37,3353,11131,19119,34057,40679,56203,83665,117608,147487,189695,619907,1127000,23174,59787,109964,156221,180953,184550,184550,20.9034,2230,178.2888,106.6812,1.2186,1.0324,0.348,0.9968,417,1325,1642,2797,2863,8526,75388,138964,6.9
GCS6,170,85,7,GC6,Barbara,23,3,26,4,661018,661013,6202535,6202523,edge,O,5.75,3,0,25,4,NE,NA,16.71,17,4555,11546,20337,33746,39610,54240,79719,117586,145497,184922,627412,1122400,19362,54858,103563,150316,177833,184550,184550,20.9034,2230,178.2888,106.6812,1.2186,1.0324,0.348,0.9968,644,1395,1658,2783,2836,7716,76711,138669,6.9
GCH7,171,86,7,GC7,Steve,34,18,19,4,660934,660917,6202516,6202523,100,O,5,2.803703704,0,27,4,NE,NA,103,103,944,8890,18453,28562,46241,64363,93246,120740,154036,200790,584330,1115300,26162,80788,135715,175987,184550,184550,184550,20.9034,2230,178.2888,106.6812,1.2186,1.0324,0.348,0.9968,7,1131,1479,1939,3229,10498,65112,137893,6.9
GCS7,172,86,7,GC7,Barbara,34,9,17,4,660926,660912,6202487,6202507,100,I,10.25,2.803703704,0,27,4,NE,NA,105.3,105,668,8604,18624,27614,47314,65250,94452,120913,153241,197858,572431,1103400,27242,87916,145134,177636,184550,184550,184550,20.9034,2230,178.2888,106.6812,1.2186,1.0324,0.348,0.9968,6,1239,1450,1751,3309,10157,60041,136371,6.9
GCH8,173,87,7,GC8,Steve,29,10,15,4,660821,660816,6202431,6202461,200,I,13.25,2.607407407,0,28,2.5,NE,NA,205.18,205,814,2998,15976,29844,49305,79058,102987,126907,157544,203700,507843,1078000,23804,101373,177019,184550,184550,184550,184550,20.9034,2230,178.2888,106.6812,1.2186,1.0324,0.348,0.9968,0,77,1413,1915,2517,11000,39224,129265,3.5
GCS8,174,87,7,GC8,Barbara,39,10,21,4,660845,660833,6202440,6202461,200,O,13.75,2.607407407,0,28,2.5,NE,NA,185.01,185,814,3673,16573,28023,49755,76005,100456,125846,156684,201999,518300,1083700,24415,102089,173502,184550,184550,184550,184550,20.9034,2230,178.2888,106.6812,1.2186,1.0324,0.348,0.9968,1,106,1405,1855,3369,10870,41939,131480,3.5
GCH9,175,88,7,GC9,Steve,25,9,51,4,660910,660924,6202314,6202323,150,O,4.75,2.507306974,0,22,3,NE,NA,112.18,112,2011,9054,15145,28923,44814,65806,87766,116462,144257,171794,503350,1037300,31415,89328,122344,169913,184550,184550,184550,20.9034,2230,178.2888,106.6812,1.2186,1.0324,0.348,0.9968,43,1122,1421,1818,3117,6939,39763,119915,4.5
GCS9,176,88,7,GC9,Barbara,18,2,46,4,660899,660907,6202324,6202343,150,I,11.25,2.507306974,0,22,3,NE,NA,125.59,126,1746,8479,15851,28098,44765,67042,90933,118699,147043,173994,504932,1041900,31415,95089,130940,174832,184550,184550,184550,20.9034,2230,178.2888,106.6812,1.2186,1.0324,0.348,0.9968,43,1162,1412,1614,3220,7145,40692,121143,4.5
GCH10,177,89,7,GC10,Steve,12,4,83,4,661019,661011,6202383,6202361,edge,O,9,2.453902197,0,22,3,NE,NA,12.2,12,5085,12388,19080,29810,40928,55282,77374,106658,139610,168416,554617,1055200,18142,65369,115620,149890,176367,184550,184550,20.9034,2230,178.2888,106.6812,1.2186,1.0324,0.348,0.9968,1081,1402,1625,2670,2953,6742,58045,126645,4.5
GCS10,178,89,7,GC10,Barbara,11,1,85,4,660998,660998,6202382,6202359,edge,I,16.5,2.453902197,0,22,3,NE,NA,29.22,29,4639,12131,16923,30329,41869,57324,79023,108847,141975,169196,550155,1054600,21469,71592,122884,154858,179197,184550,184550,20.9034,2230,178.2888,106.6812,1.2186,1.0324,0.348,0.9968,1041,1402,1407,2659,2979,6843,56305,126561,4.5
GCH11,179,90,7,GC11,Steve,15,0,395,4,661005,660985,6202246,6202246,edge,I,21.5,2.903017241,0,23,3.5,NE,NA,37.05,34,3499,8457,13041,27636,43640,60437,79621,105322,130884,164854,492130,1028500,16648,49814,98240,127108,168884,184550,184550,20.9034,2230,178.2888,106.6812,1.2186,1.0324,0.348,0.9968,55,853,1321,2508,3028,6664,38349,116437,5.7
GCS11,180,90,7,GC11,Barbara,9,0,74,4,661008,660987,6202228,6202227,edge,O,8.25,2.903017241,0,23,3.5,NE,NA,19.01,16,2893,8031,12617,27161,43781,60669,79608,103368,130511,164308,485451,1024900,14034,45109,91760,120707,164713,184550,184550,20.9034,2230,178.2888,106.6812,1.2186,1.0324,0.348,0.9968,0,665,1279,2284,3114,6501,36208,115535,5.7
GCH12,181,91,7,GC12,Steve,0,1,78,4,660921,660901,6202229,6202226,edge,O,11,3.020114943,0,21,5,NE,NA,46.12,33,1738,7326,15288,25690,46540,64912,86712,116715,140623,171102,463495,1006700,22167,65960,101773,139368,182559,184550,184550,20.9034,2230,178.2888,106.6812,1.2186,1.0324,0.348,0.9968,0,291,1292,1647,3071,6985,32067,113369,9.6
GCS12,182,91,7,GC12,Barbara,0,0,67,4,660908,660885,6202259,6202264,edge,I,5.75,3.020114943,0,21,5,NE,NA,82.79,69,1636,6713,15331,25577,47495,65572,88575,119111,143318,170693,474688,1020400,28319,79119,107677,159717,184550,184550,184550,20.9034,2230,178.2888,106.6812,1.2186,1.0324,0.348,0.9968,0,555,1341,1638,3245,7001,34153,116465,9.6
GCH13,183,92,7,GC13,Steve,3,0,23,4,660842,660824,6202287,6202303,100,I,6.75,2.770114943,0,20,5,NE,NA,134.08,115,716,3877,15840,26028,49082,70416,97489,124806,148302,178364,464741,1025700,31415,89256,128476,182598,184550,184550,184550,20.9034,2230,178.2888,106.6812,1.2186,1.0324,0.348,0.9968,0,71,1355,1639,2777,7597,31315,117130,9.6
GCS13,184,92,7,GC13,Barbara,0,0,59,4,660838,660821,6202265,6202278,100,O,14.75,2.770114943,0,20,5,NE,NA,113.16,93,672,4073,17205,25828,49332,70492,97182,124418,148195,178390,457749,1015200,31017,83398,119172,177518,184550,184550,184550,20.9034,2230,178.2888,106.6812,1.2186,1.0324,0.348,0.9968,0,52,1353,1646,2588,7584,28881,115233,9.6
GCH14,185,93,7,GC14,Steve,0,0,28,4,660745,660721,6202209,6202196,edge,I,7,3,0,20,5,NE,NA,77.82,19,1052,6540,13902,29752,47986,73022,102291,128656,155441,185016,438959,986100,14215,44115,92111,149043,180666,184550,184550,20.9034,2230,178.2888,106.6812,1.2186,1.0324,0.348,0.9968,18,190,268,1601,2425,7323,25736,104891,9.6
GCS14,187,93,7,GC14,Barbara,0,0,27,4,660762,660779,6202178,6202195,edge,O,4,3,0,20,5,NE,NA,50.77,20,465,6429,14142,28394,45334,71063,100124,125399,153714,181485,439402,978400,15390,46446,90684,140129,181100,184550,184550,20.9034,2230,178.2888,106.6812,1.2186,1.0324,0.348,0.9968,0,199,288,1640,2389,7029,25910,103796,9.6
GCH15,188,94,7,GC15,Steve,0,0,45,4,660729,660727,6202253,6202275,100,O,12.25,3,0,18.5,5,NE,NA,137.34,27,764,4334,12911,31302,49956,76477,103699,129339,151593,191261,439161,1006000,20496,60178,119195,169959,184550,184550,184550,20.9034,2230,178.2888,106.6812,1.2186,1.0324,0.348,0.9968,9,134,281,1788,2434,8401,25756,110205,9.6
GCS15,189,94,7,GC15,Barbara,0,0,47,4,660760,660746,6202263,6202281,100,I,7.75,3,0,18.5,5,NE,NA,137.15,53,146,3875,12804,29259,48167,76063,102037,128308,150785,189637,441745,1011900,25601,66698,124801,174474,184550,184550,184550,20.9034,2230,178.2888,106.6812,1.2186,1.0324,0.348,0.9968,0,81,429,1812,2382,8336,26429,112490,9.6
GCH16,190,95,7,GC16,Steve,2,0,36,4,660732,660731,6202334,6202356,150,I,5.5,2.518796992,0,19,4.5,NE,NA,148.39,43,55,3969,10366,31632,50511,80412,107203,128706,156789,199725,441322,1037700,23529,79148,158539,182677,184550,184550,184550,20.9034,2230,178.2888,106.6812,1.2186,1.0324,0.348,0.9968,0,27,339,1947,2078,9544,26528,117861,8.3
GCS16,191,95,7,GC16,Barbara,2,0,66,4,660704,660704,6202333,6202354,150,O,14.75,2.518796992,0,19,4.5,NE,NA,120.44,16,385,3304,11196,31149,52808,79488,108061,128809,159256,203372,435934,1036200,19070,73714,147943,179888,184550,184550,184550,20.9034,2230,178.2888,106.6812,1.2186,1.0324,0.348,0.9968,0,36,447,1915,2091,9880,25668,116519,8.3
GCH17,192,96,7,GC17,Steve,0,0,44,4,660599,660583,6202372,6202383,edge,O,13.75,2.371738169,0,19,5,NE,NA,21.53,22,105,6016,14658,32524,60427,83363,103137,136136,174683,226745,433052,1025200,12932,54285,105044,152701,183302,184550,184550,20.9034,2230,178.2888,106.6812,1.2186,1.0324,0.348,0.9968,0,266,540,682,2182,14138,26092,110790,9.6
GCS17,193,96,7,GC17,Barbara,0,0,63,4,660602,660586,6202392,6202404,edge,I,10.75,2.371738169,0,19,5,NE,NA,40.17,40,82,4994,14774,31941,60139,84945,104113,137761,178655,228296,434206,1031100,15918,57205,107123,155372,184071,184550,184550,20.9034,2230,178.2888,106.6812,1.2186,1.0324,0.348,0.9968,0,269,516,678,2216,14753,26075,113756,9.6
GCH18,194,97,7,GC18,Steve,1,0,7,4,660512,660516,6202432,6202456,edge,I,1,2.705882353,0,18,6,NE,NA,37.77,38,1753,8342,19770,35121,56189,85205,109608,144954,198539,234953,440501,1035000,19209,38273,72670,119307,168584,184550,184550,20.9034,2230,178.2888,106.6812,1.2186,1.0324,0.348,0.9968,219,406,443,795,1440,15628,27551,113312,12.5
GCS18,195,97,7,GC18,Barbara,0,0,58,4,660490,660490,6202433,6202459,edge,O,5,2.705882353,0,18,6,NE,NA,22.85,23,2310,8786,21030,37239,56179,83184,110764,144114,200870,237625,441798,1031900,15149,34523,63991,108799,157208,184550,184550,20.9034,2230,178.2888,106.6812,1.2186,1.0324,0.348,0.9968,263,406,417,788,1531,15700,27935,110119,12.5
G2H1,196,98,6,G21,Steve,9,3,3,5,655417,655438,6191559,6191556,edge,O,12.5,3.403614458,0,21,3,NNE,99,22.78,23,35,468,779,1296,3047,NA,NA,NA,NA,42100,103300,218200,14818,45778,92441,154849,229681,337279,337279,33.7272,2912,226.3279,86.3398,1.253,1.0355,0.511,0.9974,0,0,0,0,0,645,2055,6481,4.5
G2S1,197,98,6,G21,Barbara,12,6,4,5,655417,655438,6191036,6191556,edge,I,7.75,3.403614458,0,21,3,NNE,99,78.61,79,204,392,2290,3206,3611,NA,NA,NA,NA,26020,87696,236900,29611,93447,168617,228396,283579,337279,337279,33.7272,2912,226.3279,86.3398,1.253,1.0355,0.511,0.9974,0,0,0,0,0,2,1919,7776,4.5
G2H2,198,99,6,G22,Steve,2,2,13,5,655537,655558,6191421,6191420,150,I,6.75,3.701807229,0,21,3,NNE,100,154.21,154,51,286,674,2646,5634,NA,NA,NA,NA,34199,93906,215300,31415,113607,189785,270264,317923,337279,337279,33.7272,2912,226.3279,86.3398,1.253,1.0355,0.511,0.9974,0,0,0,0,0,322,1956,5555,4.5
G2H3,199,100,6,G23,Steve,3,10,5,5,655561,655582,6191506,6191501,edge,I,5.75,4,0,22,2.5,N,100,68.34,68,0,293,668,888,7099,NA,NA,NA,NA,42568,95437,214500,28221,86542,153806,235242,305279,337279,337279,33.7272,2912,226.3279,86.3398,1.253,1.0355,0.511,0.9974,0,0,0,0,0,639,1984,5545,3.5
G2H4,200,101,6,G24,Steve,1,1,33,5,655740,655743,6191409,6191384,150,O,2.75,3.25,0,21,2,N,100,144.9,145,0,17,1310,5450,11033,NA,NA,NA,NA,32041,97010,194400,31415,115220,217636,307148,335195,337279,337279,33.7272,2912,226.3279,86.3398,1.253,1.0355,0.511,0.9974,0,0,0,0,0,639,1231,4407,2.5
G2H5,201,102,6,G25,Steve,0,0,3,5,655766,655782,6191503,6191491,edge,O,0.75,2.25,0,23,2.5,N,100,40.92,41,0,44,2510,6563,10010,NA,NA,NA,NA,38398,99976,195400,23657,79073,157203,242406,314346,337279,337279,33.7272,2912,226.3279,86.3398,1.253,1.0355,0.511,0.9974,0,0,0,0,0,639,1894,4372,3.5
G2H6,202,103,6,G26,Steve,4,1,9,5,655929,655925,6191478,6191457,edge,I,1.75,2,0,23,2,N,95,43.5,44,475,2740,4615,7174,11500,NA,NA,NA,NA,38698,108353,187400,22596,61418,115695,187341,273312,337279,337279,33.7272,2912,226.3279,86.3398,1.253,1.0355,0.511,0.9974,0,0,0,0,0,640,1738,3894,2.5
G2H7,203,104,6,G27,Steve,2,2,5,5,655988,655984,6191354,6191327,edge,O,4.25,2.25,0,22,2.5,N,100,18.93,19,865,2876,5424,8063,10341,NA,NA,NA,NA,38307,105111,185700,19255,65103,127444,201056,258579,337279,337279,33.7272,2912,226.3279,86.3398,1.253,1.0355,0.511,0.9974,0,0,0,0,0,323,1367,4891,3.5
G2H8,204,105,6,G28,Steve,0,2,22,5,655938,655934,6191242,6191222,edge,I,4.75,2.75,0,23,3,N,100,54.16,54,967,2869,5810,7701,10577,NA,NA,NA,NA,34914,97606,187400,26014,87081,166730,225263,280302,337279,337279,33.7272,2912,226.3279,86.3398,1.253,1.0355,0.511,0.9974,0,0,0,0,0,3,1159,4786,4.5
G2H9,205,106,6,G29,Steve,0,1,6,5,655952,655953,6191145,6191129,edge,O,3.75,3,0,22,4,NNW,100,31.05,31,1519,3935,5497,7804,10782,NA,NA,NA,NA,35630,95151,192600,23293,75010,131942,198168,256404,337279,337279,33.7272,2912,226.3279,86.3398,1.253,1.0355,0.511,0.9974,0,0,0,0,0,3,1161,4919,6.9
G2H10,206,107,6,G210,Steve,1,4,22,5,655889,655872,6191036,6191038,edge,I,6.5,3,0,21,4,NW,100,37.4,37,918,3790,5440,6781,10158,NA,NA,NA,NA,31298,87251,184000,23009,66221,117190,183037,259125,337279,337279,33.7272,2912,226.3279,86.3398,1.253,1.0355,0.511,0.9974,0,0,0,0,0,3,1158,5038,6.9
G2H11,207,108,6,G211,Steve,1,4,8,5,655714,655692,6191040,6191047,edge,O,8,3,0,21,4,N,100,15.13,15,132,968,2921,6580,8207,NA,NA,NA,NA,25431,83309,197100,18722,68877,150243,238726,312908,337279,337279,33.7272,2912,226.3279,86.3398,1.253,1.0355,0.511,0.9974,0,0,0,0,0,0,917,5983,6.9
G2S2,208,99,6,G22,Barbara,4,1,4,5,655544,655565,6191438,6191439,150,O,9.75,3.701807229,0,21,3,NNE,100,135.29,135,35,267,668,2091,5850,NA,NA,NA,NA,36859,94374,213200,31415,108857,182926,267483,316186,337279,337279,33.7272,2912,226.3279,86.3398,1.253,1.0355,0.511,0.9974,0,0,0,0,0,639,1956,5357,4.5
G2S3,209,100,6,G23,Barbara,5,3,7,5,655568,655587,6191528,6191528,edge,O,13,4,0,22,2.5,N,100,43.67,44,12,460,654,821,7276,NA,NA,NA,NA,43498,97512,213800,24154,77480,142482,221596,299288,337279,337279,33.7272,2912,226.3279,86.3398,1.253,1.0355,0.511,0.9974,0,0,0,0,0,639,1997,5545,3.5
G2S4,210,101,6,G24,Barbara,1,7,51,5,655734,655754,6191377,6191361,150,I,5.75,3.25,0,21,2,N,100,172.15,172,0,17,1544,5841,10897,NA,NA,NA,NA,29842,96063,192900,31415,121827,230009,315049,336593,337279,337279,33.7272,2912,226.3279,86.3398,1.253,1.0355,0.511,0.9974,0,0,0,0,0,560,1222,4425,2.5
G2S5,211,102,6,G25,Barbara,2,0,4,5,655762,655779,6191467,6191468,edge,I,0,2.25,0,23,2.5,N,100,70.01,70,0,0,2403,5946,10887,NA,NA,NA,NA,36174,98785,195300,28462,90252,172825,260975,323272,337279,337279,33.7272,2912,226.3279,86.3398,1.253,1.0355,0.511,0.9974,0,0,0,0,0,639,1764,4384,3.5
G2S6,212,103,6,G26,Barbara,3,0,3,5,655970,655963,6191480,6191455,edge,O,5,2,0,23,2,N,95,28.16,28,1724,2954,4800,7459,11250,NA,NA,NA,NA,39527,109460,185400,17334,50768,100187,167253,251762,337279,337279,33.7272,2912,226.3279,86.3398,1.253,1.0355,0.511,0.9974,0,0,0,0,0,640,1460,4018,2.5
G2S7,213,104,6,G27,Barbara,0,0,2,5,655967,655963,6191359,6191339,edge,I,3.25,2.25,0,22,2.5,N,100,40.8,41,601,2852,5401,7802,10459,NA,NA,NA,NA,38111,104970,185400,23425,72152,135651,211525,269397,337279,337279,33.7272,2912,226.3279,86.3398,1.253,1.0355,0.511,0.9974,0,0,0,0,0,323,1363,4768,3.5
G2S8,214,105,6,G28,Barbara,1,9,10,5,655958,655955,6191236,6191214,edge,O,10.5,2.75,0,23,3,N,100,32.43,32,1016,3056,6176,7676,10684,NA,NA,NA,NA,35648,99192,187600,22218,79320,155359,213883,268938,337279,337279,33.7272,2912,226.3279,86.3398,1.253,1.0355,0.511,0.9974,0,0,0,0,0,3,1160,4910,4.5
G2S9,215,106,6,G29,Barbara,0,13,4,5,655928,655925,6191153,6191136,edge,I,15.75,3,0,22,4,NNW,100,54.34,54,1069,3828,5559,7712,10734,NA,NA,NA,NA,34507,95138,191300,27220,84306,145067,212780,270788,337279,337279,33.7272,2912,226.3279,86.3398,1.253,1.0355,0.511,0.9974,0,0,0,0,0,3,1160,4889,6.9
G2S10,216,107,6,G210,Barbara,5,8,4,5,655886,655866,6191011,6191014,edge,O,25,3,0,21,4,NW,100,12.9,13,665,3601,5438,6728,10200,NA,NA,NA,NA,30824,86012,183600,18281,59681,108361,172013,249779,337279,337279,33.7272,2912,226.3279,86.3398,1.253,1.0355,0.511,0.9974,0,0,0,0,0,3,1158,5161,6.9
G2S11,217,108,6,G211,Barbara,3,5,7,5,655728,655705,6191072,6191078,edge,I,9,3,0,21,4,N,100,48,48,84,870,3249,6617,8519,NA,NA,NA,NA,25801,83978,198400,24926,81847,167539,257324,323997,337279,337279,33.7272,2912,226.3279,86.3398,1.253,1.0355,0.511,0.9974,0,0,0,0,0,1,918,5428,6.9
